TIMESTAMP,T_HMP,T_109,RH,WS_MAX,WS_AVG,WDIR,WS_MAX_2,WS_AVG_2,WDIR_2,PRESS,height,oxypercent
2019-05-23 12:00:00,-23.24,-19.54,77.21,11.2,2.239,56.24,10.66,1.88,26.51,354.61,8430,
2019-05-24 12:00:00,-21.87,-17.39,78.74,8.8,2.873,41.81,8.66,2.626,15.83,355.49,8430,
2019-05-25 12:00:00,-25.04,-23.91,77.4,12.96,6.751,15.29,12.93,6.637,349.4,353.42,8430,
2019-05-26 12:00:00,-21.86,-19.83,79.27,7.597,3.163,200.7,7.064,1.631,173.8,354.6,8430,
2019-05-27 12:00:00,-24.04,-21.82,77.72,6.064,3.107,359.9,5.564,2.12,333.7,354.89,8430,
2019-05-28 12:00:00,-24.08,-22.8,77.83,7.397,3.469,354.7,7.13,2.925,328.0,354.56,8430,
2019-05-29 12:00:00,-23.39,-21.08,78.04,10.1,2.464,336.3,10.83,1.407,311.1,354.31,8430,
2019-05-30 12:00:00,-23.01,-20.78,77.88,6.231,3.057,31.07,6.231,2.607,5.481,354.12,8430,
2019-05-31 12:00:00,-22.62,-20.16,79.51,4.731,2.498,6.009,4.432,1.892,341.7,355.09,8430,
2019-06-01 12:00:00,-18.38,-12.95,78.78,3.232,0.574,180.1,2.399,0.035,191.2,355.39,8430,
2019-06-02 12:00:00,-20.23,-19.12,81.8,9.4,5.661,214.7,10.26,5.77,188.5,355.46,8430,
2019-06-03 12:00:00,-20.83,-19.69,81.0,10.73,5.597,204.5,11.46,5.64,177.0,355.28,8430,
2019-06-04 12:00:00,-22.56,-20.57,79.27,6.764,3.691,3.066,6.697,3.211,336.3,357.06,8430,
2019-06-05 12:00:00,-19.24,-16.87,82.1,10.1,4.365,190.5,10.13,3.858,164.2,357.99,8430,
2019-06-06 12:00:00,-19.88,-16.77,80.5,10.2,2.571,219.6,10.36,2.307,194.5,358.93,8430,
2019-06-07 12:00:00,-21.25,-18.5,78.86,10.23,2.655,15.32,9.86,1.994,349.4,357.8,8430,
2019-06-08 12:00:00,-23.77,-22.28,78.45,11.96,2.718,351.5,11.93,2.325,318.3,356.24,8430,
2019-06-09 12:00:00,-21.21,-19.3,80.2,12.16,3.957,40.04,11.1,2.951,9.3,355.33,8430,
2019-06-10 12:00:00,-19.98,-17.58,82.2,15.63,4.014,249.0,16.03,3.926,219.3,355.54,8430,
2019-06-11 12:00:00,-18.49,-17.09,81.4,10.7,2.875,283.4,10.76,2.686,253.6,357.14,8430,
2019-06-12 12:00:00,-18.38,-16.96,39.23,5.531,2.2,13.18,5.531,1.723,343.1,358.29,8430,
2019-06-13 12:00:00,-18.5,-17.56,82.1,17.49,7.509,217.6,18.53,7.495,190.7,357.66,8430,
2019-06-14 12:00:00,-19.33,-17.91,63.66,8.46,4.659,9.83,8.43,4.228,343.5,358.24,8430,
2019-06-15 12:00:00,-19.7,-18.05,44.38,8.56,2.919,0.946,8.66,2.633,333.5,357.88,8430,
2019-06-16 12:00:00,-17.89,-14.48,80.1,11.9,2.331,12.11,11.63,2.067,348.0,357.15,8430,
2019-06-17 12:00:00,-17.17,-16.56,83.8,26.59,10.58,241.4,26.62,10.69,214.1,356.17,8430,
2019-06-18 12:00:00,-21.12,-20.12,57.99,10.26,4.386,357.6,11.4,4.237,330.6,355.81,8430,
2019-06-19 12:00:00,-17.17,-15.52,83.8,10.16,3.169,19.84,10.23,2.816,353.0,357.01,8430,
2019-06-20 12:00:00,-20.59,-18.71,59.99,12.59,2.604,343.7,12.83,2.277,313.1,358.44,8430,
2019-06-21 12:00:00,-16.37,-15.31,83.2,9.13,5.076,234.3,9.6,5.114,208.2,359.54,8430,
2019-06-22 12:00:00,-17.76,-17.39,72.01,12.66,9.05,207.3,13.86,9.31,182.1,359.53,8430,
2019-06-23 12:00:00,-16.17,-16.12,19.25,10.5,7.829,225.0,11.13,8.3,202.9,360.5,8430,
2019-06-24 12:00:00,-15.65,-14.38,65.39,6.131,1.572,232.4,6.597,1.338,195.4,361.56,8430,
2019-06-25 12:00:00,-15.09,-13.48,59.88,6.031,2.204,235.1,6.231,1.971,203.6,361.34,8430,
2019-06-26 12:00:00,-15.12,-13.52,86.5,11.6,2.895,66.85,11.7,2.634,41.93,359.06,8430,
2019-06-27 12:00:00,-17.07,-14.58,82.0,6.997,3.05,27.24,7.164,2.711,359.2,358.16,8430,
2019-06-28 12:00:00,-16.68,-14.31,19.78,4.898,2.148,342.6,5.198,1.869,315.2,358.28,8430,
2019-06-29 12:00:00,-14.63,-13.72,65.61,9.7,3.545,222.9,10.13,3.34,196.8,358.96,8430,
2019-06-30 12:00:00,-15.11,-13.75,58.73,5.698,2.839,207.9,6.031,2.609,181.2,359.1,8430,
2019-07-01 12:00:00,-14.44,-13.64,77.95,11.13,8.08,211.4,11.7,8.28,183.7,359.41,8430,
2019-07-02 12:00:00,-14.5,-13.8,84.6,8.3,5.903,226.1,8.96,6.176,199.6,360.49,8430,
2019-07-03 12:00:00,-14.44,-13.6,33.07,8.2,5.191,208.9,8.93,5.215,181.7,360.74,8430,
2019-07-04 12:00:00,-14.14,-12.46,51.07,7.564,4.961,233.1,7.963,5.119,207.0,360.08,8430,
2019-07-05 12:00:00,-14.27,-13.11,85.5,6.064,3.465,217.2,6.431,3.535,190.2,358.68,8430,
2019-07-06 12:00:00,-13.29,-10.92,85.8,5.131,1.462,200.2,5.598,1.33,172.7,358.23,8430,
2019-07-07 12:00:00,-11.74,-9.98,88.2,8.4,4.588,211.9,9.0,5.037,184.8,358.91,8430,
2019-07-08 12:00:00,-12.75,-10.7,87.9,6.597,2.248,226.9,7.064,2.231,199.9,359.19,8430,
2019-07-09 12:00:00,-11.72,-12.39,86.6,6.931,3.796,225.7,7.197,3.813,200.0,358.56,8430,
2019-07-10 12:00:00,-11.35,-11.42,88.3,5.131,2.302,224.2,5.764,2.239,195.7,358.34,8430,
2019-07-11 12:00:00,-13.3,-13.24,86.8,11.2,6.602,217.4,12.59,7.118,189.5,358.57,8430,
2019-07-12 12:00:00,-14.0,-13.53,86.5,12.83,6.112,242.3,12.93,6.245,213.9,358.38,8430,
2019-07-13 12:00:00,-13.57,-12.29,86.1,8.4,1.636,246.9,8.9,2.219,219.5,358.04,8430,
2019-07-14 12:00:00,-13.88,-12.39,84.8,5.464,1.435,82.5,5.731,1.133,75.59,356.74,8430,
2019-07-15 12:00:00,-17.91,-16.92,80.5,12.79,9.37,224.9,13.76,9.82,197.8,356.71,8430,
2019-07-16 12:00:00,-16.34,-14.78,40.04,7.197,4.828,246.2,7.497,4.92,220.1,358.55,8430,
2019-07-17 12:00:00,-17.19,-16.72,46.8,14.89,9.86,221.2,15.59,10.07,193.8,358.54,8430,
2019-07-18 12:00:00,-15.06,-14.16,77.58,8.93,4.479,241.7,9.23,4.594,215.0,359.43,8430,
2019-07-19 12:00:00,-15.38,-12.96,84.6,4.365,1.46,231.0,4.631,1.414,196.8,360.07,8430,
2019-07-20 12:00:00,-14.6,-13.93,85.5,6.597,3.134,242.9,6.864,3.15,217.4,360.4,8430,
2019-07-21 12:00:00,-16.03,-14.39,48.48,8.56,5.102,253.3,8.56,5.129,227.4,360.41,8430,
2019-07-22 12:00:00,-13.82,-12.45,87.3,6.364,3.281,195.6,6.397,2.71,166.6,359.96,8430,
2019-07-23 12:00:00,-14.09,-11.3,82.9,4.698,1.196,239.6,4.798,0.918,209.8,359.74,8430,
2019-07-24 12:00:00,-14.08,-10.56,86.1,3.798,1.177,246.6,3.932,0.772,219.2,-999.0,8430,
2019-07-25 12:00:00,-13.39,-11.5,86.3,3.365,0.689,113.3,3.332,0.302,49.06,359.52,8430,
2019-07-26 12:00:00,-13.35,-11.97,86.7,6.564,3.58,208.7,7.097,3.585,181.2,359.04,8430,
2019-07-27 12:00:00,-15.56,-11.17,84.2,3.532,1.563,353.2,3.465,1.197,319.6,359.85,8430,
2019-07-28 12:00:00,-16.45,-12.95,84.5,8.4,3.72,353.6,8.6,3.682,323.8,360.73,8430,
2019-07-29 12:00:00,-14.58,-11.8,89.1,3.065,1.088,333.3,3.032,0.745,301.7,360.99,8430,
2019-07-30 12:00:00,-15.44,-11.19,69.91,3.998,1.984,2.736,3.798,1.45,332.0,360.29,8430,
2019-07-31 12:00:00,-14.36,-11.22,88.1,4.298,1.008,314.3,4.265,0.609,251.7,359.76,8430,
2019-08-01 12:00:00,-14.41,-12.49,84.8,6.431,1.672,203.4,6.364,1.489,178.2,359.19,8430,
2019-08-02 12:00:00,-15.06,-13.66,80.4,10.13,3.351,243.4,10.73,3.273,214.4,359.46,8430,
2019-08-03 12:00:00,-14.63,-12.36,85.6,4.998,2.532,257.2,4.965,2.346,228.8,359.85,8430,
2019-08-04 12:00:00,-14.97,-11.66,85.7,5.464,1.213,41.62,5.798,0.998,336.6,359.25,8430,
2019-08-05 12:00:00,-11.62,-7.628,88.2,2.932,0.887,158.7,2.965,0.632,128.7,359.2,8430,
2019-08-06 12:00:00,-14.54,-9.51,86.4,4.432,1.045,268.4,4.465,0.776,237.6,359.31,8430,
2019-08-07 12:00:00,-14.71,-13.66,86.1,8.63,5.539,201.5,9.33,5.887,175.0,358.88,8430,
2019-08-08 12:00:00,-14.72,-12.37,20.26,5.831,2.116,144.2,6.697,1.892,129.3,359.46,8430,
2019-08-09 12:00:00,-15.2,-14.08,85.0,3.965,1.349,4.84,4.498,1.202,335.5,360.2,8430,
2019-08-10 12:00:00,-13.22,-10.99,86.8,3.332,1.212,211.1,3.632,1.266,181.1,360.35,8430,
2019-08-11 12:00:00,-13.41,-11.86,84.3,3.699,0.657,188.0,4.098,0.61,164.7,359.68,8430,
2019-08-12 12:00:00,-15.93,-14.13,53.19,12.89,4.042,353.1,12.96,3.811,308.9,359.95,8430,
2019-08-13 12:00:00,-14.97,-12.83,87.7,7.33,2.859,346.0,7.364,2.743,316.7,360.73,8430,
2019-08-14 12:00:00,-16.43,-14.3,84.4,8.73,2.692,356.0,8.7,2.511,326.4,360.9,8430,
2019-08-15 12:00:00,-16.6,-13.57,75.37,7.83,4.798,19.9,7.83,4.575,351.8,360.81,8430,
2019-08-16 12:00:00,-15.42,-13.85,67.16,10.63,3.744,67.59,10.96,3.427,36.3,360.22,8430,
2019-08-17 12:00:00,-16.62,-14.09,84.8,7.43,2.309,156.2,6.931,2.07,140.6,360.51,8430,
2019-08-18 12:00:00,-15.39,-12.97,85.9,9.7,2.943,62.07,9.26,2.375,48.33,360.25,8430,
2019-08-19 12:00:00,-16.34,-14.23,84.7,9.86,3.807,19.96,9.2,3.395,348.6,360.45,8430,
2019-08-20 12:00:00,-15.25,-14.45,18.93,8.53,5.772,252.5,8.7,5.924,226.3,360.39,8430,
2019-08-21 12:00:00,-16.31,-13.23,64.58,4.731,1.52,234.1,5.031,1.276,212.3,360.21,8430,
2019-08-22 12:00:00,-17.09,-14.54,83.0,8.9,4.561,43.61,8.9,3.849,16.93,359.8,8430,
2019-08-23 12:00:00,-15.85,-13.59,81.9,5.898,2.179,71.97,5.831,1.753,47.4,-999.0,8430,
2019-08-24 12:00:00,-15.87,-13.72,90.9,5.664,1.403,332.6,5.598,1.083,305.7,360.15,8430,
2019-08-25 12:00:00,-17.31,-15.31,83.6,9.93,4.609,41.83,9.86,4.105,12.95,359.65,8430,
2019-08-26 12:00:00,-18.34,-17.21,77.73,9.33,4.956,4.817,9.23,4.776,333.2,359.74,8430,
2019-08-27 12:00:00,-18.37,-16.3,55.48,11.23,4.147,341.7,11.73,3.999,313.5,360.6,8430,
2019-08-28 12:00:00,-17.09,-16.04,72.87,16.76,8.59,29.68,16.59,6.342,2.232,360.58,8430,
2019-08-29 12:00:00,-19.12,-15.26,80.5,11.86,5.593,42.23,11.86,4.252,15.42,361.26,8430,
2019-08-30 12:00:00,-17.13,-15.57,62.49,7.297,2.726,6.572,6.931,2.248,333.6,360.57,8430,
2019-08-31 12:00:00,-16.5,-15.43,54.88,6.198,3.19,0.352,6.497,3.027,327.9,359.9,8430,
2019-09-01 12:00:00,-18.02,-15.11,77.03,6.164,2.506,340.8,6.297,2.735,317.0,360.33,8430,
2019-09-02 12:00:00,-13.88,-11.45,20.24,5.464,1.84,256.5,5.698,1.626,223.8,360.52,8430,
2019-09-03 12:00:00,-14.41,-11.77,86.1,3.332,0.841,310.8,3.265,0.585,288.0,360.21,8430,
2019-09-04 12:00:00,-14.16,-12.75,85.1,4.098,1.42,13.4,4.065,1.259,323.5,360.08,8430,
2019-09-05 12:00:00,-16.38,-15.81,21.52,5.131,3.31,16.2,5.331,3.252,346.3,360.09,8430,
2019-09-06 12:00:00,-14.49,-12.75,84.6,3.732,0.949,285.5,3.965,0.781,240.2,359.79,8430,
2019-09-07 12:00:00,-15.3,-14.01,83.0,6.431,4.403,238.9,6.631,4.55,212.2,360.19,8430,
2019-09-08 12:00:00,-15.33,-13.17,42.48,6.731,1.381,284.0,7.064,1.196,249.2,360.29,8430,
2019-09-09 12:00:00,-15.69,-14.18,63.5,4.465,1.216,282.7,4.598,0.945,245.6,359.95,8430,
2019-09-10 12:00:00,-15.51,-13.88,83.4,5.431,4.027,242.5,5.831,4.284,216.2,360.22,8430,
2019-09-11 12:00:00,-13.79,-9.82,86.1,8.43,2.227,205.3,8.9,2.132,180.2,360.82,8430,
2019-09-12 12:00:00,-15.68,-14.35,82.9,9.16,5.81,223.9,9.56,6.138,196.9,360.7,8430,
2019-09-13 12:00:00,-14.1,-13.13,86.3,5.464,2.255,227.2,5.864,2.106,197.5,360.61,8430,
2019-09-14 12:00:00,-15.83,-13.84,68.5,5.231,2.434,262.1,5.564,2.404,234.2,360.74,8430,
2019-09-15 12:00:00,-15.83,-14.42,84.2,7.031,2.787,239.0,7.264,2.647,212.0,360.04,8430,
2019-09-16 12:00:00,-16.92,-15.31,85.0,10.16,2.971,222.1,10.5,2.801,195.8,358.76,8430,
2019-09-17 12:00:00,-17.66,-16.91,82.1,14.99,8.39,224.0,15.03,8.68,196.5,358.56,8430,
2019-09-18 12:00:00,-17.83,-17.61,82.9,3.898,3.188,223.5,5.198,3.919,196.3,359.06,8430,
2019-09-19 12:00:00,-18.51,-17.23,82.4,0.267,0.001,227.5,7.73,0.489,166.7,359.13,8430,
2019-09-20 12:00:00,-19.62,-18.39,81.3,5.831,0.242,162.4,11.16,2.731,105.5,357.73,8430,
2019-09-21 12:00:00,-22.85,-20.83,79.18,4.498,0.343,359.8,5.664,2.31,322.2,357.87,8430,
2019-09-22 12:00:00,-17.8,-16.43,82.7,5.498,1.044,290.9,5.098,0.787,240.0,358.93,8430,
2019-09-23 12:00:00,-17.42,-16.14,83.2,5.231,0.874,334.1,4.731,0.643,309.3,359.22,8430,
2019-09-24 12:00:00,-16.96,-16.08,83.2,4.598,0.795,111.3,4.432,0.569,99.1,359.6,8430,
2019-09-25 12:00:00,-16.14,-15.42,84.3,4.665,1.761,211.3,5.031,1.523,185.6,360.36,8430,
2019-09-26 12:00:00,-16.42,-15.1,83.5,4.232,0.583,198.4,4.598,0.157,192.4,359.73,8430,
2019-09-27 12:00:00,-18.03,-16.46,82.4,4.198,0.749,338.0,3.898,0.345,311.9,358.86,8430,
2019-09-28 12:00:00,-18.32,-17.99,82.4,9.5,4.46,236.4,0.0,0.0,0.0,357.79,8430,
2019-09-29 12:00:00,-18.79,-17.49,82.0,4.698,0.283,239.4,5.198,0.506,207.7,357.67,8430,
2019-09-30 12:00:00,-22.31,-20.17,78.62,4.831,0.808,314.0,4.998,0.924,287.1,356.62,8430,
2019-10-01 12:00:00,-23.8,-21.83,77.69,6.997,1.59,339.3,6.897,0.79,329.0,356.99,8430,
2019-10-02 12:00:00,-20.22,-18.42,80.8,8.36,3.498,265.2,8.13,3.014,229.6,357.62,8430,
2019-10-03 12:00:00,-22.5,-18.86,77.48,5.931,1.228,334.4,5.698,0.722,306.3,357.88,8430,
2019-10-04 12:00:00,-21.78,-20.42,24.72,11.03,8.27,253.1,11.3,8.4,226.5,357.79,8430,
2019-10-05 12:00:00,-22.33,-20.54,60.52,8.8,2.556,252.8,8.86,2.308,224.2,357.71,8430,
2019-10-06 12:00:00,-21.77,-20.19,34.77,8.96,5.834,244.8,8.83,5.866,218.9,357.88,8430,
2019-10-07 12:00:00,-21.47,-20.24,30.88,11.46,3.403,270.2,11.46,3.251,241.8,357.8,8430,
2019-10-08 12:00:00,-23.27,-22.95,45.9,23.26,15.1,254.1,23.02,15.26,216.2,355.66,8430,
2019-10-09 12:00:00,-27.43,-24.95,54.79,8.76,2.291,349.9,8.63,1.781,314.1,354.06,8430,
2019-10-10 12:00:00,-27.28,-24.38,42.56,5.564,1.424,322.5,5.564,1.075,288.7,354.32,8430,
2019-10-11 12:00:00,-27.94,-25.14,58.24,8.16,1.868,344.8,7.73,1.522,310.9,354.45,8430,
2019-10-12 12:00:00,-27.8,-25.08,55.11,8.03,1.734,356.3,8.2,1.457,323.3,354.61,8430,
2019-10-13 12:00:00,-27.15,-24.68,71.31,7.497,1.479,313.1,6.697,1.183,274.1,355.01,8430,
2019-10-14 12:00:00,-27.19,-24.15,62.57,5.631,1.036,292.6,5.031,0.793,264.7,355.77,8430,
2019-10-15 12:00:00,-26.11,-23.41,76.17,8.9,1.925,338.7,8.86,1.748,297.7,355.27,8430,
2019-10-16 12:00:00,-29.34,-26.75,73.99,8.03,1.504,321.4,7.83,1.294,283.3,354.77,8430,
2019-10-17 12:00:00,-25.84,-22.93,76.28,10.0,2.289,38.21,10.13,2.049,7.181,354.68,8430,
2019-10-18 12:00:00,-27.04,-24.92,75.7,11.93,5.036,70.67,12.03,4.802,44.07,354.34,8430,
2019-10-19 12:00:00,-26.18,-25.99,76.38,15.73,5.691,66.43,16.03,5.15,40.32,354.79,8430,
2019-10-20 12:00:00,-23.14,-22.94,79.6,30.02,8.56,250.2,31.92,9.04,228.2,354.15,8430,
2019-10-21 12:00:00,-28.19,-28.03,75.66,16.76,1.649,285.0,0.033,0.0,330.7,352.65,8430,
2019-10-22 12:00:00,-29.51,-28.56,74.11,11.36,2.848,330.3,9.16,0.695,310.5,352.69,8430,
2019-10-23 12:00:00,-22.85,-22.72,79.38,0.0,0.0,0.0,0.033,0.0,306.6,351.48,8430,
2019-10-24 12:00:00,-28.02,-27.67,75.41,1.399,0.061,224.1,21.19,10.96,192.9,351.59,8430,
2019-10-25 12:00:00,-21.82,-21.69,80.3,16.13,9.68,196.0,21.36,7.456,126.3,352.08,8430,
2019-10-26 12:00:00,-29.79,-29.28,73.96,9.53,1.335,271.8,0.466,0.047,341.0,351.7,8430,
2019-10-27 12:00:00,-29.92,-29.18,74.15,7.597,0.739,275.3,7.23,0.409,321.8,353.71,8430,
2019-10-28 12:00:00,-29.82,-27.92,73.86,3.399,0.175,177.5,0.333,0.042,353.2,354.27,8430,
2019-10-29 12:00:00,-26.84,-26.23,76.21,2.532,0.072,178.4,0.233,0.013,311.1,354.38,8430,
2019-10-30 12:00:00,-26.07,-25.9,77.0,5.298,1.206,268.9,7.864,0.145,272.1,353.0,8430,
2019-10-31 12:00:00,-30.19,-29.34,73.74,5.964,0.413,277.1,3.765,0.074,299.6,351.01,8430,
2019-11-01 12:00:00,-30.72,-29.45,72.93,5.231,0.427,179.3,0.5,0.049,299.3,352.31,8430,
2019-11-02 12:00:00,-28.57,-27.05,74.48,7.097,0.59,179.9,0.566,0.059,352.1,353.24,8430,
2019-11-03 12:00:00,-26.85,-26.1,75.51,4.465,0.723,276.2,5.398,0.227,328.1,351.91,8430,
2019-11-04 12:00:00,-29.66,-28.54,74.2,8.06,1.621,179.8,5.198,0.292,315.2,350.85,8430,
2019-11-05 12:00:00,-29.27,-28.43,74.52,8.03,1.279,273.7,7.564,0.732,355.7,351.07,8430,
2019-11-06 12:00:00,-28.25,-27.77,75.39,6.198,1.109,267.9,1.766,0.063,355.1,351.64,8430,
2019-11-07 12:00:00,-27.84,-26.95,74.91,10.06,1.582,189.5,13.29,1.615,353.1,352.68,8430,
2019-11-08 12:00:00,-29.15,-28.91,75.07,9.8,2.265,180.6,7.43,0.612,329.8,353.31,8430,
2019-11-09 12:00:00,-28.18,-27.83,65.51,6.497,1.432,191.6,4.865,0.149,335.4,353.76,8430,
2019-11-10 12:00:00,-29.47,-28.45,74.25,8.1,1.401,190.3,6.164,0.225,339.8,352.07,8430,
2019-11-11 12:00:00,-30.37,-29.35,73.2,8.53,1.48,189.9,5.831,0.237,310.2,352.19,8430,
2019-11-12 12:00:00,-30.85,-29.76,73.84,9.36,1.394,189.4,5.964,0.168,338.7,354.52,8430,
2019-11-13 12:00:00,-27.41,-26.92,75.59,4.965,1.072,195.6,2.266,0.006,275.3,356.53,8430,
2019-11-14 12:00:00,-28.6,-28.35,47.86,20.83,4.134,208.6,18.19,11.23,95.0,354.71,8430,
2019-11-15 12:00:00,-28.83,-28.31,74.65,9.13,1.526,199.1,10.63,1.416,280.8,354.13,8430,
2019-11-16 12:00:00,-27.77,-27.76,75.55,9.8,2.048,196.9,10.66,2.873,268.4,352.7,8430,
2019-11-17 12:00:00,-29.93,-30.21,73.65,4.432,0.477,276.7,2.999,0.019,311.6,352.19,8430,
2019-11-18 12:00:00,-28.85,-29.04,74.19,4.931,0.832,269.4,8.23,0.425,278.5,351.02,8430,
2019-11-19 12:00:00,-30.43,-30.69,72.38,3.898,0.555,274.0,5.464,0.06,333.5,349.93,8430,
2019-11-20 12:00:00,-29.57,-29.51,73.36,5.531,0.98,270.3,6.231,0.133,323.9,351.04,8430,
2019-11-21 12:00:00,-30.9,-30.42,72.78,13.26,0.98,280.5,8.5,0.797,336.3,352.71,8430,
2019-11-22 12:00:00,-29.03,-28.64,75.0,4.032,0.487,278.7,7.33,0.356,332.9,354.66,8430,
2019-11-23 12:00:00,-28.38,-28.04,75.0,6.331,1.399,265.8,9.86,0.983,284.8,352.82,8430,
2019-11-24 12:00:00,-29.43,-29.43,74.33,5.731,1.273,268.4,0.766,0.006,335.7,352.46,8430,
2019-11-25 12:00:00,-32.52,-32.34,72.06,9.0,1.964,261.1,6.864,0.839,277.6,350.0,8430,
2019-11-26 12:00:00,-33.36,-32.94,71.21,8.16,1.409,264.8,11.0,1.057,273.4,349.57,8430,
2019-11-27 12:00:00,-33.51,-33.28,71.49,10.26,1.829,252.1,11.73,2.825,277.1,349.12,8430,
2019-11-28 12:00:00,-35.12,-34.13,70.3,7.297,0.596,181.3,0.1,0.001,291.7,348.21,8430,
2019-11-29 12:00:00,-35.14,-34.48,70.43,10.96,2.593,184.3,8.63,0.595,279.8,345.2,8430,
2019-11-30 12:00:00,-34.76,-34.16,70.43,6.031,0.594,266.2,10.4,0.801,291.6,346.27,8430,
2019-12-01 12:00:00,-33.9,-33.18,69.95,7.23,0.337,266.0,11.56,1.261,313.1,347.63,8430,
2019-12-02 12:00:00,-36.1,-35.31,69.43,4.098,0.646,266.0,3.265,0.119,338.7,344.86,8430,
2019-12-03 12:00:00,-36.27,-35.22,69.42,5.498,0.38,268.7,2.999,0.089,338.3,345.8,8430,
2019-12-04 12:00:00,-35.37,-34.45,63.49,6.997,0.214,272.2,7.83,0.274,337.4,350.07,8430,
2019-12-05 12:00:00,-31.95,-31.15,69.27,5.22,0.362,271.4,5.054,0.183,337.9,352.02,8430,
2019-12-06 12:00:00,-32.72,-32.44,71.47,6.442,0.896,272.8,7.719,0.596,338.0,350.61,8430,
2019-12-07 12:00:00,-33.9,-32.74,70.97,8.83,1.674,187.0,2.277,0.047,335.4,349.33,8430,
2019-12-08 12:00:00,-35.03,-34.05,70.0,7.941,0.91,274.2,0.889,0.026,338.2,348.32,8430,
2019-12-09 12:00:00,-33.01,-31.94,71.83,6.553,0.841,273.8,1.111,0.058,358.5,349.55,8430,
2019-12-10 12:00:00,-32.63,-31.13,71.73,6.664,1.222,273.8,0.0,0.0,0.0,346.71,8430,
2019-12-11 12:00:00,-34.83,-34.46,70.39,4.831,1.246,270.8,7.664,0.374,284.7,-999.0,8430,
2019-12-12 12:00:00,-36.46,-36.33,69.67,5.887,1.404,46.53,19.83,14.19,121.0,343.35,8430,
2019-12-13 12:00:00,-36.09,-35.97,69.88,4.165,0.907,49.66,19.99,5.518,120.4,342.26,8430,
2019-12-14 12:00:00,-38.08,-37.35,68.25,0.0,0.0,0.0,0.056,0.0,289.6,341.97,8430,
2019-12-15 12:00:00,-38.74,-38.51,68.03,12.61,0.544,46.74,21.66,6.194,262.0,-999.0,8430,
2019-12-16 12:00:00,-38.67,-37.62,67.92,3.388,0.081,225.7,17.27,2.563,320.6,342.76,8430,
2019-12-17 12:00:00,-36.3,-34.91,69.29,6.386,0.159,227.6,13.44,1.397,295.8,344.28,8430,
2019-12-18 12:00:00,-34.36,-33.17,70.99,2.388,0.044,229.4,9.72,0.844,290.5,347.72,8430,
2019-12-19 12:00:00,-31.17,-29.9,72.96,5.942,0.361,228.1,10.77,1.136,338.0,348.13,8430,
2019-12-20 12:00:00,-31.57,-31.28,72.84,6.497,0.477,225.1,17.55,2.393,280.4,347.04,8430,
2019-12-21 12:00:00,-32.56,-32.34,72.24,8.5,1.162,222.9,17.49,3.598,288.1,346.57,8430,
2019-12-22 12:00:00,-999.0,-35.65,-999.0,2.832,0.04,14.66,11.38,1.416,318.2,344.81,8430,
2019-12-23 12:00:00,-999.0,-37.84,-999.0,2.721,0.005,14.34,9.5,0.336,320.7,343.32,8430,
2019-12-24 12:00:00,-999.0,-37.69,-999.0,2.166,0.008,349.7,9.55,0.573,359.2,342.83,8430,
2019-12-25 12:00:00,-999.0,-36.94,-999.0,0.555,0.001,352.7,10.05,0.72,320.1,342.18,8430,
2019-12-26 12:00:00,-999.0,-39.33,-999.0,4.221,0.044,317.3,18.49,3.6,281.5,337.91,8430,
2019-12-27 12:00:00,-999.0,-40.17,-999.0,0.0,0.0,0.0,8.22,0.553,127.3,338.82,8430,
2019-12-28 12:00:00,-999.0,-35.3,-999.0,0.056,0.0,296.0,7.941,0.07,31.27,344.83,8430,
2019-12-29 12:00:00,-999.0,-33.81,-999.0,0.0,0.0,0.0,0.167,0.001,38.61,344.86,8430,
2019-12-30 12:00:00,-999.0,-35.01,-999.0,1.944,0.02,295.4,12.88,0.796,110.0,344.68,8430,
2019-12-31 12:00:00,-999.0,-40.44,-999.0,3.721,0.349,295.5,17.88,10.77,133.2,341.64,8430,
2020-01-01 12:00:00,-999.0,-39.43,-999.0,4.332,1.129,290.5,24.93,12.56,124.4,342.63,8430,
2020-01-02 12:00:00,-999.0,-40.76,-999.0,1.0,0.074,287.8,0.0,0.0,0.0,341.45,8430,
2020-01-03 12:00:00,-999.0,-40.0,-999.0,0.056,0.001,289.7,0.0,0.0,0.0,339.32,8430,
2020-01-04 12:00:00,-999.0,-38.67,-999.0,0.0,0.0,0.0,0.0,0.0,0.0,337.93,8430,
2020-01-05 12:00:00,-999.0,-41.44,-999.0,0.0,0.0,0.0,0.0,0.0,0.0,336.13,8430,
2020-01-06 12:00:00,-999.0,-33.71,-999.0,0.0,0.0,0.0,0.0,0.0,0.0,346.21,8430,
2020-01-07 12:00:00,-999.0,-36.21,-999.0,0.0,0.0,0.0,0.0,0.0,0.0,342.49,8430,
2020-01-08 12:00:00,-999.0,-37.92,-999.0,0.111,0.001,330.0,0.0,0.0,0.0,339.09,8430,
2020-01-09 12:00:00,-999.0,-37.3,-999.0,0.0,0.0,0.0,0.0,0.0,0.0,340.07,8430,
2020-01-10 12:00:00,-999.0,-35.92,-999.0,0.0,0.0,0.0,0.0,0.0,0.0,342.73,8430,
2020-01-11 12:00:00,-999.0,-31.57,-999.0,0.0,0.0,0.0,0.0,0.0,0.0,347.34,8430,
2020-01-12 12:00:00,-999.0,-26.94,-999.0,0.0,0.0,0.0,0.0,0.0,0.0,350.7,8430,
2020-01-13 12:00:00,-999.0,-28.72,-999.0,0.0,0.0,0.0,0.0,0.0,0.0,348.67,8430,
2020-01-14 12:00:00,-999.0,-31.85,-999.0,0.0,0.0,0.0,0.0,0.0,0.0,344.72,8430,
2020-01-15 12:00:00,-999.0,-30.14,-999.0,0.0,0.0,0.0,0.0,0.0,0.0,344.81,8430,
2020-01-16 12:00:00,-999.0,-30.3,-999.0,0.167,0.0,55.35,0.0,0.0,0.0,342.8,8430,
2020-01-17 12:00:00,-999.0,-34.41,-999.0,0.222,0.001,62.21,0.0,0.0,0.0,337.61,8430,
2020-01-18 12:00:00,-999.0,-37.34,-999.0,0.0,0.0,0.0,0.0,0.0,0.0,340.09,8430,
2020-01-19 12:00:00,-999.0,-37.3,-999.0,0.0,0.0,0.0,0.0,0.0,0.0,337.81,8430,
2020-01-20 12:00:00,-999.0,-37.85,-999.0,-999.0,-999.0,-999.0,-999.0,-999.0,-999.0,339.3517,8430,
2020-01-21 12:00:00,-999.0,-37.0,-999.0,-999.0,-999.0,-999.0,-999.0,-999.0,-999.0,341.2533,8430,
2020-01-22 12:00:00,-999.0,-34.4,-999.0,-999.0,-999.0,-999.0,-999.0,-999.0,-999.0,341.95,8430,
2020-01-23 12:00:00,-999.0,-34.97,-999.0,-999.0,-999.0,-999.0,-999.0,-999.0,-999.0,337.5767,8430,
2020-01-24 12:00:00,-999.0,-39.07,-999.0,-999.0,-999.0,-999.0,-999.0,-999.0,-999.0,340.3117,8430,
2020-01-25 12:00:00,-999.0,-33.35,-999.0,-999.0,-999.0,-999.0,-999.0,-999.0,-999.0,341.3466,8430,
2020-01-26 12:00:00,-999.0,-34.69,-999.0,-999.0,-999.0,-999.0,-999.0,-999.0,-999.0,340.72,8430,
2020-01-27 12:00:00,-999.0,-33.02,-999.0,-999.0,-999.0,-999.0,-999.0,-999.0,-999.0,340.6083,8430,
2020-01-28 12:00:00,-999.0,-33.56,-999.0,-999.0,-999.0,-999.0,-999.0,-999.0,-999.0,343.2533,8430,
2020-01-29 12:00:00,-999.0,-35.11,-999.0,-999.0,-999.0,-999.0,-999.0,-999.0,-999.0,341.694,8430,
2020-01-30 12:00:00,-999.0,-35.2,-999.0,-999.0,-999.0,-999.0,-999.0,-999.0,-999.0,338.7917,8430,
2020-01-31 12:00:00,-999.0,-34.88,-999.0,-999.0,-999.0,-999.0,-999.0,-999.0,-999.0,341.102,8430,
2020-02-01 12:00:00,-999.0,-39.18,-999.0,-999.0,-999.0,-999.0,-999.0,-999.0,-999.0,337.7583,8430,
2020-02-02 12:00:00,-999.0,-34.04,-999.0,-999.0,-999.0,-999.0,-999.0,-999.0,-999.0,341.6333,8430,
2020-02-03 12:00:00,-999.0,-35.33,-999.0,-999.0,-999.0,-999.0,-999.0,-999.0,-999.0,342.2166,8430,
2020-02-04 12:00:00,-999.0,-38.1,-999.0,-999.0,-999.0,-999.0,-999.0,-999.0,-999.0,340.2033,8430,
2020-02-05 12:00:00,-999.0,-34.0,-999.0,-999.0,-999.0,-999.0,-999.0,-999.0,-999.0,341.2633,8430,
2020-02-06 12:00:00,-999.0,-37.18,-999.0,-999.0,-999.0,-999.0,-999.0,-999.0,-999.0,339.595,8430,
2020-02-07 12:00:00,-999.0,-38.72,-999.0,-999.0,-999.0,-999.0,-999.0,-999.0,-999.0,339.3567,8430,
2020-02-08 12:00:00,-999.0,-37.8,-999.0,-999.0,-999.0,-999.0,-999.0,-999.0,-999.0,338.4183,8430,
2020-02-09 12:00:00,-999.0,-38.02,-999.0,-999.0,-999.0,-999.0,-999.0,-999.0,-999.0,-999.0,8430,
